Nationality,Department,Programe,Apps 2019/20,Offers 2019/20,Entrants 2019/20,Apps 2020/21,Offers 2020/21,Entrants 2020/21,Apps 2021/22,Offers 2021/22,Entrants 2021/22,Apps 2022/23,Offers 2022/23,Entrants 2022/23,Apps 2023/2024,Offers 2023/2024,Entrants 2023/2024,Acceptance Rate 2019/20,Entrance Rate 2019/20,Acceptance Rate 2020/21,Entrance Rate 2020/21,Acceptance Rate 2021/22,Entrance Rate 2021/22,Acceptance Rate 2022/23,Entrance Rate 2022/23,Acceptance Rate 2023/2024,Entrance Rate 2023/2024
German,Accounting,UG Degree,100,97,94,91,88,85,82,79,76,73,70,67,64,61,58,0.97,0.9690721649484536,0.967032967032967,0.9659090909090909,0.9634146341463414,0.9620253164556962,0.958904109589041,0.9571428571428572,0.953125,0.9508196721311475
German,Accounting,PG Taught,96,93,90,87,84,81,78,75,72,69,66,63,60,57,54,0.96875,0.967741935483871,0.9655172413793104,0.9642857142857143,0.9615384615384616,0.96,0.9565217391304348,0.9545454545454546,0.95,0.9473684210526315
German,Anthropology,UG Degree,58,55,52,49,46,43,40,37,34,31,28,25,22,19,16,0.9482758620689655,0.9454545454545454,0.9387755102040817,0.9347826086956522,0.925,0.918918918918919,0.9032258064516129,0.8928571428571429,0.8636363636363636,0.8421052631578947
German,Economic History,UG Degree,97,94,91,88,85,82,79,76,73,70,67,64,61,58,55,0.9690721649484536,0.9680851063829787,0.9659090909090909,0.9647058823529412,0.9620253164556962,0.9605263157894737,0.9571428571428572,0.9552238805970149,0.9508196721311475,0.9482758620689655
German,Economic History,PG Taught,96,93,90,87,84,81,78,75,72,69,66,63,60,57,54,0.96875,0.967741935483871,0.9655172413793104,0.9642857142857143,0.9615384615384616,0.96,0.9565217391304348,0.9545454545454546,0.95,0.9473684210526315
